text,n,favoriteCount,replyToSN,created,truncated,replyToSID,id,replyToUID,statusSource,screenName,retweetCount,isRetweet,retweeted,longitude,latitude
RT @garyblack00: Huge distinction between $NFLX and $TSLA:  NFLX growth has plunged because of Covid overhang and competition.  TSLA growth‚Ä¶,FALSE,0,NA,22-01-2022 05:44,FALSE,NA,1.48476E+18,NA,"<a href=""https://mobile.twitter.com"" rel=""nofollow"">Twitter Web App</a>",Rose17263100,96,TRUE,FALSE,NA,NA
"This house about to have 3 Tesla‚Äôs. 

My second order had to be cancelled so I can support my wife in school but, m‚Ä¶ https://t.co/Axh1q5vdRP",FALSE,1,NA,22-01-2022 05:44,TRUE,NA,1.48476E+18,NA,"<a href=""http://twitter.com/download/iphone"" rel=""nofollow"">Twitter for iPhone</a>",Bb1Kehn,0,FALSE,FALSE,NA,NA
"RT @hardmoneymag: BREAKING: TESLA TO OFFER SHORT SELLERS FREE RIDES TO BANKRUPTCY COURT $TSLA 

https://t.co/TLNS7E5IQI",FALSE,0,NA,22-01-2022 05:44,FALSE,NA,1.48476E+18,NA,"<a href=""http://twitter.com/download/android"" rel=""nofollow"">Twitter for Android</a>",Chancethepug,191,TRUE,FALSE,NA,NA
"$sxp call, its a key level, trade safe....

 $SOUL $UFO $AAPL $TSLA $DOCN $AUPH $AMD $AVAX $ANKR $BTC $ADA $DOGE‚Ä¶ https://t.co/spZNhYcE0m",FALSE,0,NA,22-01-2022 05:43,TRUE,NA,1.48476E+18,NA,"<a href=""http://twitter.com/download/android"" rel=""nofollow"">Twitter for Android</a>",Trades75699329,0,FALSE,FALSE,NA,NA
"RT @eddiek2: Next week for $tsla will be wild (in a good way), earnings are going to be great.  We'll see more inflows into Tesla as its se‚Ä¶",FALSE,0,NA,22-01-2022 05:43,FALSE,NA,1.48476E+18,NA,"<a href=""http://twitter.com/download/android"" rel=""nofollow"">Twitter for Android</a>",eddiek2,1,TRUE,FALSE,NA,NA
"RT @garyblack00: Two bullish charts from ARK why to own $TSLA:
- EV adoption continues to soar by over +50%/year (2021 +112%)
- $TSLA holdi‚Ä¶",FALSE,0,NA,22-01-2022 05:43,FALSE,NA,1.48476E+18,NA,"<a href=""http://twitter.com/download/iphone"" rel=""nofollow"">Twitter for iPhone</a>",Kimball00186431,93,TRUE,FALSE,NA,NA
"RT @extremesb: Ambitious new #EV charging network launches in the #USA

Wonder who works with #EOSLinx ‚Ä¶? ‚Å¶@Austin_GIS‚Å© #Intel $INTC $VSBY‚Ä¶",FALSE,0,NA,22-01-2022 05:42,FALSE,NA,1.48476E+18,NA,"<a href=""http://twitter.com/download/iphone"" rel=""nofollow"">Twitter for iPhone</a>",CrypTigerApe69,3,TRUE,FALSE,NA,NA
"RT @stevenmarkryan: https://t.co/Qs435LFwxa - Tesla ‚ÄúThe One To Bet On‚Äù: Analyst (p.s. I SCREWED up...)

NEW

$TSLA #Tesla @Tesla #TeslaSto‚Ä¶",FALSE,0,NA,22-01-2022 05:42,FALSE,NA,1.48476E+18,NA,"<a href=""http://twitter.com/download/android"" rel=""nofollow"">Twitter for Android</a>",EDK_1007,6,TRUE,FALSE,NA,NA
RT @garyblack00: $TSLA and $NDX today. https://t.co/6Wbw3ps3iQ,FALSE,0,NA,22-01-2022 05:42,FALSE,NA,1.48476E+18,NA,"<a href=""http://twitter.com/#!/download/ipad"" rel=""nofollow"">Twitter for iPad</a>",indrayam,26,TRUE,FALSE,NA,NA
If you panic sold your $tsla today you do not need to worry about Biden‚Äôs tax plan.,FALSE,0,NA,22-01-2022 05:41,FALSE,NA,1.48476E+18,NA,"<a href=""http://twitter.com/download/iphone"" rel=""nofollow"">Twitter for iPhone</a>",neilsaidwhat,0,FALSE,FALSE,NA,NA
"RT @Teslaconomics: If you cant handle the red days, you don‚Äôt deserve the green days. üìâüìà

$TSLA #Tesla",FALSE,0,NA,22-01-2022 05:41,FALSE,NA,1.48476E+18,NA,"<a href=""https://mobile.twitter.com"" rel=""nofollow"">Twitter Web App</a>",nfkmobile,20,TRUE,FALSE,NA,NA
What is your first intention when you open your computer in the morning. Make or loose money. Answer this question‚Ä¶ https://t.co/gGkXGxCZsH,FALSE,0,NA,22-01-2022 05:41,TRUE,NA,1.48476E+18,NA,"<a href=""http://twitter.com/download/android"" rel=""nofollow"">Twitter for Android</a>",AndreiRazmerita,0,FALSE,FALSE,NA,NA
"RT @elwalvador: Self driving cars will never happen, $TSLA is going to zero.

Quantum computers will never happen, $IONQ is going to zero.‚Ä¶",FALSE,0,NA,22-01-2022 05:41,FALSE,NA,1.48476E+18,NA,"<a href=""http://twitter.com/download/android"" rel=""nofollow"">Twitter for Android</a>",Alienlife_1,1,TRUE,FALSE,NA,NA
"I have zero tech exposure since end of last year and I think the re-pricing is far from being done.
Surprised that‚Ä¶ https://t.co/WTTY6gX4pM",FALSE,0,NA,22-01-2022 05:41,TRUE,NA,1.48476E+18,NA,"<a href=""https://mobile.twitter.com"" rel=""nofollow"">Twitter Web App</a>",RatesMaestro,0,FALSE,FALSE,NA,NA
"RT @Teslaconomics: If you cant handle the red days, you don‚Äôt deserve the green days. üìâüìà

$TSLA #Tesla",FALSE,0,NA,22-01-2022 05:40,FALSE,NA,1.48476E+18,NA,"<a href=""http://twitter.com/download/android"" rel=""nofollow"">Twitter for Android</a>",MasembeAbdul7,20,TRUE,FALSE,NA,NA
"@jpr007 Great thread.

$TSLA and other quality EV manufacturers such as $NIO provide the best hedge against inflati‚Ä¶ https://t.co/FQOqTeRKH1",FALSE,0,jpr007,22-01-2022 05:40,TRUE,1.4775E+18,1.48476E+18,52370117,"<a href=""http://twitter.com/download/iphone"" rel=""nofollow"">Twitter for iPhone</a>",Neilcoram15,0,FALSE,FALSE,NA,NA
@levelsio @0xN0mad How about this for stock picking? Yes 1/3rd my networth back in 2019 was in $TSLA. Volatile year‚Ä¶ https://t.co/P4HkumLvSy,FALSE,0,TungstenMaximus,22-01-2022 05:40,TRUE,1.48476E+18,1.48476E+18,2337724718,"<a href=""http://twitter.com/download/iphone"" rel=""nofollow"">Twitter for iPhone</a>",TungstenMaximus,0,FALSE,FALSE,NA,NA
"RT @squawksquare: At least there is really no need to watch CNBC daily anymore. I mean, the markets are down. They're down every day. News‚Ä¶",FALSE,0,NA,22-01-2022 05:40,FALSE,NA,1.48476E+18,NA,"<a href=""https://mobile.twitter.com"" rel=""nofollow"">Twitter Web App</a>",wcli1108,6,TRUE,FALSE,NA,NA
RT @ValueAnalyst1: You‚Äôre not a true $TSLA Bull until you‚Äôve watched your savings halve in a week üî•,FALSE,0,NA,22-01-2022 05:39,FALSE,NA,1.48476E+18,NA,"<a href=""https://mobile.twitter.com"" rel=""nofollow"">Twitter Web App</a>",KellieAnnOxford,56,TRUE,FALSE,NA,NA
"RT @Umbisam: Several Chinese outlets reports that Tesla will officially launch the new 'Model Q' [üòÇ] in 2023, be priced at $24,990 and will‚Ä¶",FALSE,0,NA,22-01-2022 05:38,FALSE,NA,1.48476E+18,NA,"<a href=""https://www.madmods4u.com"" rel=""nofollow"">StreamHelperApp</a>",HelperStream,31,TRUE,FALSE,NA,NA
"RT @Umbisam: Reminder: Today, Jan 21, 2021, GigaShanghai Producing &amp; Shipping Regardless Wall Street Whales' Tricky Games. $TSLA
(courtesy‚Ä¶",FALSE,0,NA,22-01-2022 05:37,FALSE,NA,1.48476E+18,NA,"<a href=""https://mobile.twitter.com"" rel=""nofollow"">Twitter Web App</a>",wcli1108,23,TRUE,FALSE,NA,NA
RT @JesseCohenInv: $AAPL $MSFT $GOOGL $AMZN $TSLA https://t.co/dpEkl1BpZs,FALSE,0,NA,22-01-2022 05:37,FALSE,NA,1.48476E+18,NA,"<a href=""https://mobile.twitter.com"" rel=""nofollow"">Twitter Web App</a>",elislmy,197,TRUE,FALSE,NA,NA
"RT @Umbisam: Several Chinese outlets reports that Tesla will officially launch the new 'Model Q' [üòÇ] in 2023, be priced at $24,990 and will‚Ä¶",FALSE,0,NA,22-01-2022 05:36,FALSE,NA,1.48476E+18,NA,"<a href=""https://mobile.twitter.com"" rel=""nofollow"">Twitter Web App</a>",wcli1108,31,TRUE,FALSE,NA,NA
"Twitter's Top Stocks: 

$amc  Price: $17.97  Mentions: 641
$gme  Price: $106.36  Mentions: 636
$PTON  Price: $27.06‚Ä¶ https://t.co/2uhN9DywLU",FALSE,0,NA,22-01-2022 05:36,TRUE,NA,1.48476E+18,NA,"<a href=""https://www.linkedin.com/in/khalil-alkassis-aa0b8578/"" rel=""nofollow"">HotTakesBot</a>",RealHotTakesBot,0,FALSE,FALSE,NA,NA
"Supplemented by EXPERIENCE AND ABILITY TO TIME THE MARKET!
$tsla $tslaq! Up $7 mil . Lost $2.5 mil‚Ä¶ https://t.co/r1KDpznZgN",FALSE,0,NA,22-01-2022 05:36,TRUE,NA,1.48476E+18,NA,"<a href=""http://twitter.com/download/iphone"" rel=""nofollow"">Twitter for iPhone</a>",InvestorSwan,0,FALSE,FALSE,NA,NA
RT @Kristennetten: $TSLA for the long haul ‚ô•Ô∏è,FALSE,0,NA,22-01-2022 05:36,FALSE,NA,1.48476E+18,NA,"<a href=""http://twitter.com/download/android"" rel=""nofollow"">Twitter for Android</a>",rakesh31046324,13,TRUE,FALSE,NA,NA
RT @JesseCohenInv: $AAPL $MSFT $GOOGL $AMZN $TSLA https://t.co/dpEkl1BpZs,FALSE,0,NA,22-01-2022 05:36,FALSE,NA,1.48476E+18,NA,"<a href=""http://twitter.com/download/android"" rel=""nofollow"">Twitter for Android</a>",dleogudskshk,197,TRUE,FALSE,NA,NA
"Twitter's Recommended BUY:

$PTON Mentions: 225
$SPY Mentions: 186
$TSLA Mentions: 153

Twitter's Recommended SELL:‚Ä¶ https://t.co/pUE592pOSv",FALSE,0,NA,22-01-2022 05:36,TRUE,NA,1.48476E+18,NA,"<a href=""https://www.linkedin.com/in/khalil-alkassis-aa0b8578/"" rel=""nofollow"">HotTakesBot</a>",RealHotTakesBot,0,FALSE,FALSE,NA,NA
"RT @BMT094: Anyone have a plan for next week to add $TSLA shares or options? 

I will add a few more shares if we go down. Would really lik‚Ä¶",FALSE,0,NA,22-01-2022 05:36,FALSE,NA,1.48476E+18,NA,"<a href=""http://twitter.com/download/android"" rel=""nofollow"">Twitter for Android</a>",ESGESG1001,3,TRUE,FALSE,NA,NA
"RT @pakpakchicken: My initial target for tesla deliveries 2022 was 1.3 million. Thats $tsla $1600

That was 3 yrs ago. 

With revised 2022‚Ä¶",FALSE,0,NA,22-01-2022 05:35,FALSE,NA,1.48476E+18,NA,"<a href=""https://mobile.twitter.com"" rel=""nofollow"">Twitter Web App</a>",wcli1108,120,TRUE,FALSE,NA,NA
"RT @Teslaconomics: Next week will be nothing short of extraordinary. üî• 

Strap up. 

$TSLA #Tesla",FALSE,0,NA,22-01-2022 05:34,FALSE,NA,1.48476E+18,NA,"<a href=""https://mobile.twitter.com"" rel=""nofollow"">Twitter Web App</a>",wcli1108,9,TRUE,FALSE,NA,NA
RT @teslaunivrse: Reasons to Sell‚Ä¶ $TSLA https://t.co/PVkb4i8TMq,FALSE,0,NA,22-01-2022 05:34,FALSE,NA,1.48476E+18,NA,"<a href=""http://twitter.com/download/iphone"" rel=""nofollow"">Twitter for iPhone</a>",Mars4x4,4,TRUE,FALSE,NA,NA
"RT @davidtayar5: * Tesla aims for 'a few' Model Y deliveries from Gigafactory Texas by end of quarter

$TSLA",FALSE,0,NA,22-01-2022 05:34,FALSE,NA,1.48476E+18,NA,"<a href=""https://mobile.twitter.com"" rel=""nofollow"">Twitter Web App</a>",wcli1108,12,TRUE,FALSE,NA,NA
"RT @patienttrading: $TSLA

In 13 trading days, -22%!

What does it tell you?",FALSE,0,NA,22-01-2022 05:34,FALSE,NA,1.48476E+18,NA,"<a href=""https://mobile.twitter.com"" rel=""nofollow"">Twitter Web App</a>",wcli1108,4,TRUE,FALSE,NA,NA
"@ComputeSam @JoeBiden Stay calm, $tsla with this fundamentals and outlook is 2022 easily a 1500$ stock probably higher ‚úäüèªüçª",FALSE,0,ComputeSam,22-01-2022 05:33,FALSE,1.48474E+18,1.48476E+18,1.11065E+18,"<a href=""http://twitter.com/download/iphone"" rel=""nofollow"">Twitter for iPhone</a>",HardyFuture,0,FALSE,FALSE,NA,NA
"RT @garyblack00: Two bullish charts from ARK why to own $TSLA:
- EV adoption continues to soar by over +50%/year (2021 +112%)
- $TSLA holdi‚Ä¶",FALSE,0,NA,22-01-2022 05:32,FALSE,NA,1.48476E+18,NA,"<a href=""http://twitter.com/download/iphone"" rel=""nofollow"">Twitter for iPhone</a>",kennych88527377,93,TRUE,FALSE,NA,NA
RT @ShrimpTeslaLong: Why buy $TSLA?  Because it‚Äòs the best damn company on Earth.  Period.,FALSE,0,NA,22-01-2022 05:32,FALSE,NA,1.48476E+18,NA,"<a href=""http://twitter.com/#!/download/ipad"" rel=""nofollow"">Twitter for iPad</a>",RalphGorichanaz,5,TRUE,FALSE,NA,NA
"RT @HarryWangEra: First ever milli day

Holy fuck

Thanks $AMZN $SPY $BNTX $GME $TSLA https://t.co/bHcUHFmY39",FALSE,0,NA,22-01-2022 05:32,FALSE,NA,1.48476E+18,NA,"<a href=""http://twitter.com/download/iphone"" rel=""nofollow"">Twitter for iPhone</a>",LorrieCulligan,25,TRUE,FALSE,NA,NA
"RT @SomeCrypt0Guy: Hello #Crypto Twitter. Hope the dip has been enjoyable for you. Please have a #DogeBonk meme

#meme #memes #memesdaily #‚Ä¶",FALSE,0,NA,22-01-2022 05:32,FALSE,NA,1.48476E+18,NA,"<a href=""http://twitter.com/download/iphone"" rel=""nofollow"">Twitter for iPhone</a>",BrianBouphavon1,6,TRUE,FALSE,NA,NA
RT @BMT094: @SawyerMerritt I bought $TSLA stock first before I owned a Tesla.,FALSE,0,NA,22-01-2022 05:32,FALSE,NA,1.48476E+18,NA,"<a href=""http://twitter.com/download/android"" rel=""nofollow"">Twitter for Android</a>",ESGESG1001,3,TRUE,FALSE,NA,NA
"RT @SawyerMerritt: Sad to see others shame people who don't own Teslas yet, even if they like/support the company in others ways. Just beca‚Ä¶",FALSE,0,NA,22-01-2022 05:32,FALSE,NA,1.48476E+18,NA,"<a href=""http://twitter.com/download/android"" rel=""nofollow"">Twitter for Android</a>",ESGESG1001,53,TRUE,FALSE,NA,NA
"RT @bevedoni: if you panic now, you will panic the rest of your life. $tsla",FALSE,0,NA,22-01-2022 05:31,FALSE,NA,1.48476E+18,NA,"<a href=""http://twitter.com/download/android"" rel=""nofollow"">Twitter for Android</a>",rakesh31046324,16,TRUE,FALSE,NA,NA
RT @teslaunivrse: Reasons to Sell‚Ä¶ $TSLA https://t.co/PVkb4i8TMq,FALSE,0,NA,22-01-2022 05:31,FALSE,NA,1.48476E+18,NA,"<a href=""http://twitter.com/download/iphone"" rel=""nofollow"">Twitter for iPhone</a>",akidesir,4,TRUE,FALSE,NA,NA
"Trending Stocks on #fintwit: 

Source: https://t.co/cWJOwWSb0I 

1. $ETH ü•á
2. $TSLA ü•à
3. $DIA ü•â
4. $KSS
5. $F
6.‚Ä¶ https://t.co/332RlXV4Jq",FALSE,0,NA,22-01-2022 05:31,TRUE,NA,1.48476E+18,NA,"<a href=""https://help.twitter.com/en/using-twitter/how-to-tweet#source-labels"" rel=""nofollow"">finapse2</a>",FintwitSynapse,0,FALSE,FALSE,NA,NA
"RT @Umbisam: Several Chinese outlets reports that Tesla will officially launch the new 'Model Q' [üòÇ] in 2023, be priced at $24,990 and will‚Ä¶",FALSE,0,NA,22-01-2022 05:30,FALSE,NA,1.48476E+18,NA,"<a href=""http://twitter.com/download/android"" rel=""nofollow"">Twitter for Android</a>",NSuresh_ECW,31,TRUE,FALSE,NA,NA
"RT @pakpakchicken: My initial target for tesla deliveries 2022 was 1.3 million. Thats $tsla $1600

That was 3 yrs ago. 

With revised 2022‚Ä¶",FALSE,0,NA,22-01-2022 05:30,FALSE,NA,1.48476E+18,NA,"<a href=""http://twitter.com/download/iphone"" rel=""nofollow"">Twitter for iPhone</a>",tanyizhi1,120,TRUE,FALSE,NA,NA
"RT @PrintingTendies: üòÇüòÇüòÇ black Monday crash coming soon must watch clip!!! 

$spy $btc $iwm $qqq $tsla $aapl #BitcoinCrash #bitcoin #StockM‚Ä¶",FALSE,0,NA,22-01-2022 05:30,FALSE,NA,1.48476E+18,NA,"<a href=""https://mobile.twitter.com"" rel=""nofollow"">Twitter Web App</a>",tkcybersmart,1,TRUE,FALSE,NA,NA
"@garyblack00 Gary, check out this https://t.co/qDxnplJ5nv interview with Dan Ives/Wedbush: $TSLA is the one stock h‚Ä¶ https://t.co/CekTKW1Vih",FALSE,0,garyblack00,22-01-2022 05:30,TRUE,NA,1.48476E+18,1.1617E+18,"<a href=""https://mobile.twitter.com"" rel=""nofollow"">Twitter Web App</a>",neoworksinc,0,FALSE,FALSE,NA,NA
"$TSLA winnings of initial #BTC investmentüôå

$44616343 (3.3 %) (Realized: 272 M)
(Estimating an average buy price of‚Ä¶ https://t.co/CJzn8JjI95",FALSE,1,NA,22-01-2022 05:30,TRUE,NA,1.48476E+18,NA,"<a href=""https://help.twitter.com/en/using-twitter/how-to-tweet#source-labels"" rel=""nofollow"">CryptoQuantBot</a>",MBrae3,0,FALSE,FALSE,NA,NA
@iliyasudennis2 Only if you short $tsla ;),FALSE,0,iliyasudennis2,22-01-2022 05:30,FALSE,1.48474E+18,1.48476E+18,3200499176,"<a href=""http://twitter.com/download/android"" rel=""nofollow"">Twitter for Android</a>",amitdas0608,0,FALSE,FALSE,NA,NA
"Self driving cars will never happen, $TSLA is going to zero.

Quantum computers will never happen, $IONQ is going t‚Ä¶ https://t.co/PrUNVNp48P",FALSE,2,NA,22-01-2022 05:29,TRUE,NA,1.48476E+18,NA,"<a href=""https://mobile.twitter.com"" rel=""nofollow"">Twitter Web App</a>",elwalvador,1,FALSE,FALSE,NA,NA
"RT @AlternateJones: My $TSLA returns ranged from -50% to -5% for 6.5 years from Dec 2013 to May 2020. 

6.5 years!

Patience is the key!",FALSE,0,NA,22-01-2022 05:29,FALSE,NA,1.48476E+18,NA,"<a href=""http://twitter.com/download/iphone"" rel=""nofollow"">Twitter for iPhone</a>",AMCBullrun,4,TRUE,FALSE,NA,NA
RT @JustinScerini: $Doge #Dogecoin exchange rate now changed get on the $Tsla merch shop https://t.co/HKsZ4OtSHF,FALSE,0,NA,22-01-2022 05:28,FALSE,NA,1.48476E+18,NA,"<a href=""http://twitter.com/download/android"" rel=""nofollow"">Twitter for Android</a>",ArvindKajala,15,TRUE,FALSE,NA,NA
RT @garyblack00: $TSLA and $NDX today. https://t.co/6Wbw3ps3iQ,FALSE,0,NA,22-01-2022 05:28,FALSE,NA,1.48476E+18,NA,"<a href=""http://twitter.com/download/android"" rel=""nofollow"">Twitter for Android</a>",VirtusT,26,TRUE,FALSE,NA,NA
"RT @squawksquare: On a positive note, I woke up to 40K followers today. Thank you everyone for the follows. One of these days we'll get bac‚Ä¶",FALSE,0,NA,22-01-2022 05:27,FALSE,NA,1.48476E+18,NA,"<a href=""http://twitter.com/download/iphone"" rel=""nofollow"">Twitter for iPhone</a>",vovan17842399,8,TRUE,FALSE,NA,NA
RT @JustinScerini: $Doge #Dogecoin exchange rate now changed get on the $Tsla merch shop https://t.co/HKsZ4OtSHF,FALSE,0,NA,22-01-2022 05:27,FALSE,NA,1.48476E+18,NA,"<a href=""http://twitter.com/download/android"" rel=""nofollow"">Twitter for Android</a>",saturos_1,15,TRUE,FALSE,NA,NA
As valid an approach as any I've seen. $tslaQ $TSLA https://t.co/UFTuaeyATU,FALSE,0,NA,22-01-2022 05:26,FALSE,NA,1.48476E+18,NA,"<a href=""https://mobile.twitter.com"" rel=""nofollow"">Twitter Web App</a>",Paul91701736,0,FALSE,FALSE,NA,NA
"RT @pakpakchicken: My initial target for tesla deliveries 2022 was 1.3 million. Thats $tsla $1600

That was 3 yrs ago. 

With revised 2022‚Ä¶",FALSE,0,NA,22-01-2022 05:26,FALSE,NA,1.48476E+18,NA,"<a href=""http://twitter.com/download/iphone"" rel=""nofollow"">Twitter for iPhone</a>",kennych88527377,120,TRUE,FALSE,NA,NA
RT @teslaunivrse: Reasons to Sell‚Ä¶ $TSLA https://t.co/PVkb4i8TMq,FALSE,0,NA,22-01-2022 05:26,FALSE,NA,1.48476E+18,NA,"<a href=""http://twitter.com/download/iphone"" rel=""nofollow"">Twitter for iPhone</a>",AnnaSky92974146,4,TRUE,FALSE,NA,NA
Never fall for the FUD!!! LFG $TSLA !!! üöÄüöÄüöÄüåï https://t.co/h84juMzaIH,FALSE,4,NA,22-01-2022 05:26,FALSE,NA,1.48476E+18,NA,"<a href=""http://twitter.com/download/iphone"" rel=""nofollow"">Twitter for iPhone</a>",to4sho,0,FALSE,FALSE,NA,NA
"RT @bevedoni: if you panic now, you will panic the rest of your life. $tsla",FALSE,0,NA,22-01-2022 05:25,FALSE,NA,1.48476E+18,NA,"<a href=""http://twitter.com/download/iphone"" rel=""nofollow"">Twitter for iPhone</a>",teshen8lin,16,TRUE,FALSE,NA,NA
"RT @pakpakchicken: My initial target for tesla deliveries 2022 was 1.3 million. Thats $tsla $1600

That was 3 yrs ago. 

With revised 2022‚Ä¶",FALSE,0,NA,22-01-2022 05:25,FALSE,NA,1.48476E+18,NA,"<a href=""https://mobile.twitter.com"" rel=""nofollow"">Twitter Web App</a>",Froger_19,120,TRUE,FALSE,NA,NA
"RT @jasondebolt: When you invest, it‚Äôs not your money anymore. It‚Äôs allocated capital. Detachment is essential. It‚Äôs a long term game.

Man‚Ä¶",FALSE,0,NA,22-01-2022 05:24,FALSE,NA,1.48476E+18,NA,"<a href=""http://twitter.com/#!/download/ipad"" rel=""nofollow"">Twitter for iPad</a>",RalphGorichanaz,59,TRUE,FALSE,NA,NA
"RT @WholeMarsBlog: FSD Beta 10.9 crosses the Golden Gate Bridge üåâ

$TSLA @elonmusk https://t.co/RCoN6IdgZd https://t.co/UUZtlTtp2M",FALSE,0,NA,22-01-2022 05:24,FALSE,NA,1.48476E+18,NA,"<a href=""https://mobile.twitter.com"" rel=""nofollow"">Twitter Web App</a>",Assassi83762414,13,TRUE,FALSE,NA,NA
"RT @InvestrTrades: TODAYS Recap! üî•

$COIN puts paid 700%!!üí∞üí∞üí∞üíµü§ë
$UPST puts paid 350%!!üí∞üí∞üíµü§ë
$LAZR puts paid 300%!!üí∞üíµü§ë
$SQ puts paid 220%!!üíµüí∞‚Ä¶",FALSE,0,NA,22-01-2022 05:24,FALSE,NA,1.48476E+18,NA,"<a href=""http://twitter.com/download/iphone"" rel=""nofollow"">Twitter for iPhone</a>",lion_paw24,21,TRUE,FALSE,NA,NA
"I just multiplied my current $TSLA stock count, with my 2030 TSLA price target. It made me smile üòä",FALSE,30,NA,22-01-2022 05:24,FALSE,NA,1.48476E+18,NA,"<a href=""https://mobile.twitter.com"" rel=""nofollow"">Twitter Web App</a>",TeslaAndDoge,0,FALSE,FALSE,NA,NA
RT @JesseCohenInv: $AAPL $MSFT $GOOGL $AMZN $TSLA https://t.co/dpEkl1BpZs,FALSE,0,NA,22-01-2022 05:24,FALSE,NA,1.48476E+18,NA,"<a href=""http://twitter.com/download/android"" rel=""nofollow"">Twitter for Android</a>",arvind_sista,197,TRUE,FALSE,NA,NA
"RT @MmeAlexandraS: Evening email from ARKinvest - no movements in $TSLA.  Fwiw, in $ARKK and $ARKW sales of Twitter to purchase ROKU, Coinb‚Ä¶",FALSE,0,NA,22-01-2022 05:24,FALSE,NA,1.48476E+18,NA,"<a href=""http://twitter.com/download/iphone"" rel=""nofollow"">Twitter for iPhone</a>",ray_hessel,2,TRUE,FALSE,NA,NA
RT @JustinScerini: $Doge #Dogecoin exchange rate now changed get on the $Tsla merch shop https://t.co/HKsZ4OtSHF,FALSE,0,NA,22-01-2022 05:23,FALSE,NA,1.48476E+18,NA,"<a href=""http://twitter.com/download/iphone"" rel=""nofollow"">Twitter for iPhone</a>",imperative_the,15,TRUE,FALSE,NA,NA
"RT @SawyerMerritt: Sad to see others shame people who don't own Teslas yet, even if they like/support the company in others ways. Just beca‚Ä¶",FALSE,0,NA,22-01-2022 05:23,FALSE,NA,1.48476E+18,NA,"<a href=""http://twitter.com/download/iphone"" rel=""nofollow"">Twitter for iPhone</a>",Diesel60250598,53,TRUE,FALSE,NA,NA
RT @GerberKawasaki: Just to note. There has not been one accident or injury since FSD beta launch. Not one. Not a single one. In that time‚Ä¶,FALSE,0,NA,22-01-2022 05:23,FALSE,NA,1.48476E+18,NA,"<a href=""https://mobile.twitter.com"" rel=""nofollow"">Twitter Web App</a>",missufekun,873,TRUE,FALSE,NA,NA
"Next week for $tsla will be wild (in a good way), earnings are going to be great.  We'll see more inflows into Tesl‚Ä¶ https://t.co/8YqvtTNR0u",FALSE,0,NA,22-01-2022 05:23,TRUE,NA,1.48476E+18,NA,"<a href=""http://twitter.com/download/android"" rel=""nofollow"">Twitter for Android</a>",eddiek2,1,FALSE,FALSE,NA,NA
"RT @MarketRebels: Intraday Option Volume 

$AAPL 1.119m (53% call/47% put)
$TSLA 1.112m (49% call/51% put)
$NVDA 688k (55% call/45% put)
$F‚Ä¶",FALSE,0,NA,22-01-2022 05:23,FALSE,NA,1.48476E+18,NA,"<a href=""https://mobile.twitter.com"" rel=""nofollow"">Twitter Web App</a>",Colin41008222,7,TRUE,FALSE,NA,NA
RT @heydave7: What happened to the argument that $TSLA loses money on every car it sells? ü§£,FALSE,0,NA,22-01-2022 05:22,FALSE,NA,1.48476E+18,NA,"<a href=""https://mobile.twitter.com"" rel=""nofollow"">Twitter Web App</a>",missufekun,179,TRUE,FALSE,NA,NA
"RT @ST_Charts: Real reason why market is selling off.... 

""I wont let go Jack""

$AMZN $AMD $AAPL $AMC $GME $BA $MRNA $PLTR $FB $ABNB $GOOG‚Ä¶",FALSE,0,NA,22-01-2022 05:22,FALSE,NA,1.48476E+18,NA,"<a href=""http://twitter.com/download/iphone"" rel=""nofollow"">Twitter for iPhone</a>",margzilla123,1,TRUE,FALSE,NA,NA
"RT @jhall: Here‚Äôs a bit I recorded on my phone from when it aired, since CNBC decided to edit their bit only to the garbage part of his pie‚Ä¶",FALSE,0,NA,22-01-2022 05:21,FALSE,NA,1.48476E+18,NA,"<a href=""https://mobile.twitter.com"" rel=""nofollow"">Twitter Web App</a>",missufekun,81,TRUE,FALSE,NA,NA
"RT @JaguarAHD: If this market left you frustrated, take a look at the chart below ‚Äî patience always pays back! üìâüìà

$AMZN $MSFT $GOOG $FUBO‚Ä¶",FALSE,0,NA,22-01-2022 05:21,FALSE,NA,1.48476E+18,NA,"<a href=""https://gambiste.com"" rel=""nofollow"">Gambiste</a>",Gambiste1,2,TRUE,FALSE,NA,NA
RT @JustinScerini: $Doge #Dogecoin exchange rate now changed get on the $Tsla merch shop https://t.co/HKsZ4OtSHF,FALSE,0,NA,22-01-2022 05:21,FALSE,NA,1.48476E+18,NA,"<a href=""http://twitter.com/download/android"" rel=""nofollow"">Twitter for Android</a>",ElfegoGomezRam1,15,TRUE,FALSE,NA,NA
"RT @WholeMarsBlog: Here's a 40-minute drive from my friend's house to Tesla competitor Green Hills Software's offices, and then to Tesla Pa‚Ä¶",FALSE,0,NA,22-01-2022 05:21,FALSE,NA,1.48476E+18,NA,"<a href=""https://mobile.twitter.com"" rel=""nofollow"">Twitter Web App</a>",missufekun,482,TRUE,FALSE,NA,NA
RT @The_RockTrading: Imagine $TSLA back to 400. üí• goodnight.,FALSE,0,NA,22-01-2022 05:21,FALSE,NA,1.48476E+18,NA,"<a href=""https://mobile.twitter.com"" rel=""nofollow"">Twitter Web App</a>",GodTradding,4,TRUE,FALSE,NA,NA
This random poll shows nobody actually knows what $TSLA is worth. It's rather just a best guess based on one's perc‚Ä¶ https://t.co/wxzFoT9y1X,FALSE,0,NA,22-01-2022 05:21,TRUE,NA,1.48476E+18,NA,"<a href=""https://mobile.twitter.com"" rel=""nofollow"">Twitter Web App</a>",taranvirkaonke,0,FALSE,FALSE,NA,NA
RT @The_RockTrading: Imagine $TSLA back to 400. üí• goodnight.,FALSE,0,NA,22-01-2022 05:21,FALSE,NA,1.48476E+18,NA,"<a href=""http://twitter.com/download/iphone"" rel=""nofollow"">Twitter for iPhone</a>",Rolo_d0me,4,TRUE,FALSE,NA,NA
"RT @bevedoni: Tesla is a collection of a lot of startups, all of which are very successful in their setup and grow in a parallel speed. Tes‚Ä¶",FALSE,0,NA,22-01-2022 05:20,FALSE,NA,1.48476E+18,NA,"<a href=""https://mobile.twitter.com"" rel=""nofollow"">Twitter Web App</a>",missufekun,157,TRUE,FALSE,NA,NA
RT @stockversus: @elonmusk can f*k up Kenny plans if he announces he‚Äôs buying #bitcoin lol where is our hero? $GME $AMC $TSLA,FALSE,0,NA,22-01-2022 05:20,FALSE,NA,1.48476E+18,NA,"<a href=""http://twitter.com/download/iphone"" rel=""nofollow"">Twitter for iPhone</a>",margzilla123,1,TRUE,FALSE,NA,NA
"RT @jasondebolt: If investing were easy, everyone would be rich.

The same people who call you lucky for your investment gains are the ones‚Ä¶",FALSE,0,NA,22-01-2022 05:19,FALSE,NA,1.48476E+18,NA,"<a href=""https://mobile.twitter.com"" rel=""nofollow"">Twitter Web App</a>",lingua_nut,91,TRUE,FALSE,NA,NA
RT @JustinScerini: $Doge #Dogecoin exchange rate now changed get on the $Tsla merch shop https://t.co/HKsZ4OtSHF,FALSE,0,NA,22-01-2022 05:19,FALSE,NA,1.48476E+18,NA,"<a href=""http://twitter.com/download/iphone"" rel=""nofollow"">Twitter for iPhone</a>",kyawmyowin16,15,TRUE,FALSE,NA,NA
RT @JustinScerini: $Doge #Dogecoin exchange rate now changed get on the $Tsla merch shop https://t.co/HKsZ4OtSHF,FALSE,0,NA,22-01-2022 05:19,FALSE,NA,1.48476E+18,NA,"<a href=""http://twitter.com/download/iphone"" rel=""nofollow"">Twitter for iPhone</a>",dingdong290,15,TRUE,FALSE,NA,NA
@ValueAnalyst1 $TSLA one day will buy $AMZN as subsidiary haha,FALSE,0,ValueAnalyst1,22-01-2022 05:19,FALSE,1.48476E+18,1.48476E+18,7.32548E+17,"<a href=""http://twitter.com/download/iphone"" rel=""nofollow"">Twitter for iPhone</a>",teshen8lin,0,FALSE,FALSE,NA,NA
"RT @ripster47: $NFLX $PTON $SHOP $TSLA #tradingtips 
Trade examples on how to use a System

Trend Following System + Support Resistance + M‚Ä¶",FALSE,0,NA,22-01-2022 05:18,FALSE,NA,1.48476E+18,NA,"<a href=""http://twitter.com/download/iphone"" rel=""nofollow"">Twitter for iPhone</a>",Gobongch,24,TRUE,FALSE,NA,NA
$CENN guys let‚Äôs be honest this could literally just blow up and hit $5 $6 or more without any news. We just have t‚Ä¶ https://t.co/y1vtyEuneu,FALSE,0,NA,22-01-2022 05:18,TRUE,NA,1.48476E+18,NA,"<a href=""https://metoomovement.com"" rel=""nofollow"">#metoo - Sentiment Analysis</a>",Sagar91319679,0,FALSE,FALSE,NA,NA
RT @JesseCohenInv: $AAPL $MSFT $GOOGL $AMZN $TSLA https://t.co/dpEkl1BpZs,FALSE,0,NA,22-01-2022 05:18,FALSE,NA,1.48476E+18,NA,"<a href=""http://twitter.com/download/iphone"" rel=""nofollow"">Twitter for iPhone</a>",immersibles,197,TRUE,FALSE,NA,NA
‚Å¶@elonmusk‚Å© constantly lie investor; ‚Å¶@SECGov‚Å© should look into his tweet which is clear manipulation. Last year he‚Ä¶ https://t.co/WMC1MmOc2p,FALSE,1,NA,22-01-2022 05:18,TRUE,NA,1.48476E+18,NA,"<a href=""http://twitter.com/download/iphone"" rel=""nofollow"">Twitter for iPhone</a>",freefdacalendar,0,FALSE,FALSE,NA,NA
. @chrislarsensf warned you $TSLA dumps revealed next https://t.co/rZRIr4vCaK,FALSE,0,NA,22-01-2022 05:18,FALSE,NA,1.48476E+18,NA,"<a href=""http://twitter.com/download/iphone"" rel=""nofollow"">Twitter for iPhone</a>",TradersonTrade,0,FALSE,FALSE,NA,NA
"RT @blueskykites: Hodling is conviction. #Buythedip #dollarcostaveraging $TSLA #Tesla @Tesla

@WholeMarsBlog @TeslaHype https://t.co/sMdi3r‚Ä¶",FALSE,0,NA,22-01-2022 05:18,FALSE,NA,1.48476E+18,NA,"<a href=""http://twitter.com/download/android"" rel=""nofollow"">Twitter for Android</a>",Rand0mNPC,4,TRUE,FALSE,NA,NA
RT @JustinScerini: $Doge #Dogecoin exchange rate now changed get on the $Tsla merch shop https://t.co/HKsZ4OtSHF,FALSE,0,NA,22-01-2022 05:18,FALSE,NA,1.48476E+18,NA,"<a href=""http://twitter.com/download/iphone"" rel=""nofollow"">Twitter for iPhone</a>",DogecoinTweet,15,TRUE,FALSE,NA,NA
"RT @jasondebolt: When you invest, it‚Äôs not your money anymore. It‚Äôs allocated capital. Detachment is essential. It‚Äôs a long term game.

Man‚Ä¶",FALSE,0,NA,22-01-2022 05:17,FALSE,NA,1.48476E+18,NA,"<a href=""http://twitter.com/download/iphone"" rel=""nofollow"">Twitter for iPhone</a>",Rsoltis417,59,TRUE,FALSE,NA,NA
"5 Bad Habits of An Options Trader (and the Solutions)

https://t.co/l15qXYlial

$spy $aapl $tsla",FALSE,0,NA,22-01-2022 05:17,FALSE,NA,1.48476E+18,NA,"<a href=""https://help.twitter.com/en/using-twitter/how-to-tweet#source-labels"" rel=""nofollow"">smartoptionsai</a>",SmartOptionsAi,0,FALSE,FALSE,NA,NA
Subscribe to this incredible high return trading model: https://t.co/ZZmx60Yu6o $VIX $SPY $AAPL $TSLA $FB $AMZN $GOOGL $NFLX,FALSE,0,NA,22-01-2022 05:17,FALSE,NA,1.48476E+18,NA,"<a href=""https://profectussystems.autotradenow.com/"" rel=""nofollow"">Profectus Systems App</a>",ProfectuSystems,0,FALSE,FALSE,NA,NA
Reasons to Sell‚Ä¶ $TSLA https://t.co/PVkb4i8TMq,FALSE,20,NA,22-01-2022 05:16,FALSE,NA,1.48476E+18,NA,"<a href=""http://twitter.com/download/iphone"" rel=""nofollow"">Twitter for iPhone</a>",teslaunivrse,4,FALSE,FALSE,NA,NA
~I'm part of a server where top traders actually get paid based on results (over $70k last month). All based on mer‚Ä¶ https://t.co/4FHu6sIZSy,FALSE,0,NA,22-01-2022 05:16,TRUE,NA,1.48476E+18,NA,"<a href=""https://mobile.twitter.com"" rel=""nofollow"">Twitter Web App</a>",dixiw166,0,FALSE,FALSE,NA,NA
